"Rk","Player","From","To","Tm","Lg","WS","G","GS","MP","FG","FGA","X2P","X2PA","X3P","X3PA","FT","FTA","ORB","DRB","TRB","AST","STL","BLK","TOV","PF","PTS","FG.","X2P.","X3P.","eFG.","FT.","TS."
1,"LeBron James\jamesle01",2004,2021,"TOT","NBA",242.1,1306,1305,49939,12869,25537,10896,19818,1973,5719,7572,10321,1533,8195,9728,9669,2058,981,4576,2390,35283,0.504,0.55,0.345,0.543,0.734,0.587
2,"Karl Malone\malonka01",1986,2004,"TOT","NBA",234.6,1476,1471,54852,13528,26210,13443,25900,85,310,9787,13188,3562,11406,14968,5248,2085,1145,4524,4578,36928,0.516,0.519,0.274,0.518,0.742,0.577
3,"Michael Jordan\jordami01",1985,2003,"TOT","NBA",214,1072,1039,41011,12192,24537,11611,22759,581,1778,7327,8772,1668,5004,6672,5633,2514,893,2924,2783,32292,0.497,0.51,0.327,0.509,0.835,0.569
4,"John Stockton\stockjo01",1985,2003,"UTA","NBA",207.7,1504,1300,47764,7039,13658,6194,11455,845,2203,4788,5796,966,3085,4051,15806,3265,315,4244,3942,19711,0.515,0.541,0.384,0.546,0.826,0.608
5,"Tim Duncan\duncati01",1998,2016,"SAS","NBA",206.4,1392,1389,47368,10285,20334,10255,20166,30,168,5896,8468,3859,11232,15091,4225,1025,3020,3381,3304,26496,0.506,0.509,0.179,0.507,0.696,0.551
6,"Dirk Nowitzki\nowitdi01",1999,2019,"DAL","NBA",206.3,1522,1460,51368,11169,23734,9187,18524,1982,5210,7240,8239,1468,10021,11489,3651,1210,1281,2494,3601,31560,0.471,0.496,0.38,0.512,0.879,0.577
7,"Kevin Garnett\garneke01",1996,2016,"TOT","NBA",191.4,1462,1425,50418,10505,21142,10331,20510,174,632,4887,6190,3209,11453,14662,5445,1859,2037,3179,3561,26071,0.497,0.504,0.275,0.501,0.789,0.546
8,"Chris Paul\paulch01",2006,2021,"TOT","NBA",185.8,1063,1063,36925,6856,14554,5418,10664,1438,3890,4365,5005,685,4131,4816,10028,2292,144,2564,2607,19515,0.471,0.508,0.37,0.52,0.872,0.582
9,"Shaquille O'Neal\onealsh01",1993,2011,"TOT","NBA",181.7,1207,1197,41918,11330,19457,11329,19435,1,22,5935,11252,4209,8890,13099,3026,739,2732,3310,4146,28596,0.582,0.583,0.045,0.582,0.527,0.586
10,"David Robinson\robinda01",1990,2003,"SAS","NBA",178.7,987,985,34271,7365,14221,7340,14121,25,100,6035,8201,3083,7414,10497,2441,1388,2954,2417,2835,20790,0.518,0.52,0.25,0.519,0.736,0.583
11,"Charles Barkley\barklch01",1985,2000,"TOT","NBA",177.2,1073,1012,39330,8435,15605,7897,13585,538,2020,6349,8643,4260,8286,12546,4215,1648,888,3376,3287,23757,0.541,0.581,0.266,0.558,0.735,0.612
12,"Reggie Miller\millere01",1988,2005,"IND","NBA",174.4,1389,1304,47619,8241,17499,5681,11013,2560,6486,6237,7026,883,3299,4182,4141,1505,299,2409,2730,25279,0.471,0.516,0.395,0.544,0.888,0.614
13,"Kobe Bryant\bryanko01",1997,2016,"LAL","NBA",172.7,1346,1198,48637,11719,26200,9892,20654,1827,5546,8378,10011,1499,5548,7047,6306,1944,640,4010,3353,33643,0.447,0.479,0.329,0.482,0.837,0.55
14,"Hakeem Olajuwon\olajuha01",1985,2002,"TOT","NBA",162.8,1238,1186,44222,10749,20991,10724,20867,25,124,5423,7621,4034,9714,13748,3058,2162,3830,3667,4383,26946,0.512,0.514,0.202,0.513,0.712,0.553
15,"Magic Johnson\johnsma02",1980,1996,"LAL","NBA",155.8,906,763,33245,6211,11951,5886,10877,325,1074,4960,5850,1601,4958,6559,10141,1724,374,3506,2050,17707,0.52,0.541,0.303,0.533,0.848,0.61
16,"Paul Pierce\piercpa01",1999,2017,"TOT","NBA",150,1343,1285,45880,8668,19465,6525,13649,2143,5816,6918,8578,1092,6435,7527,4708,1752,745,3532,3643,26397,0.445,0.478,0.368,0.5,0.806,0.568
17,"Larry Bird\birdla01",1980,1992,"BOS","NBA",145.8,897,870,34443,8591,17334,7942,15607,649,1727,3960,4471,1757,7217,8974,5695,1556,755,2816,2279,21791,0.496,0.509,0.376,0.514,0.886,0.564
18,"Gary Payton\paytoga01",1991,2007,"TOT","NBA",145.5,1335,1233,47117,8708,18698,7576,15128,1132,3570,3265,4480,1392,3877,5269,8966,2445,285,3030,3217,21813,0.466,0.501,0.317,0.496,0.729,0.528
19,"Ray Allen\allenra02",1997,2014,"TOT","NBA",145.1,1300,1149,46344,8567,18955,5594,11526,2973,7429,4398,4920,1230,4042,5272,4361,1451,244,2709,2858,24505,0.452,0.485,0.4,0.53,0.894,0.58
20,"Kevin Durant\duranke01",2008,2021,"TOT","NBA",144.4,868,867,31984,8002,16218,6383,11983,1619,4235,5868,6651,624,5507,6131,3586,962,968,2720,1661,23491,0.493,0.533,0.382,0.543,0.882,0.614
21,"Pau Gasol\gasolpa01",2002,2019,"TOT","NBA",144.1,1226,1150,41001,7980,15729,7801,15243,179,486,4755,6311,3085,8220,11305,3925,606,1941,2638,2632,20894,0.507,0.512,0.368,0.513,0.753,0.565
22,"James Harden\hardeja01",2010,2021,"TOT","NBA",141.5,872,659,30076,6489,14611,4052,7902,2437,6709,6552,7632,686,4076,4762,5690,1363,471,3242,2297,21967,0.444,0.513,0.363,0.528,0.858,0.611
23,"Jason Kidd\kiddja01",1995,2013,"TOT","NBA",138.6,1391,1350,50111,6219,15557,4231,9856,1988,5701,3103,3954,1768,6957,8725,12091,2684,450,4003,2572,17529,0.4,0.429,0.349,0.464,0.785,0.507
24,"Moses Malone\malonmo01",1980,1995,"TOT","NBA",138.1,1106,784,37068,7917,16262,7909,16182,8,80,7309,9396,5327,7483,12810,1529,895,1357,3258,2399,23151,0.487,0.489,0.1,0.487,0.778,0.568
25,"Dwight Howard\howardw01",2005,2021,"TOT","NBA",136.3,1159,1049,38076,6853,11694,6840,11612,13,82,5218,9234,3962,10102,14064,1614,1037,2173,3225,3734,18937,0.586,0.589,0.159,0.587,0.565,0.601
26,"Clyde Drexler\drexlcl01",1984,1998,"TOT","NBA",135.6,1086,950,37537,8335,17673,7508,15070,827,2603,4698,5962,2615,4062,6677,6125,2207,719,2977,3285,22195,0.472,0.498,0.318,0.495,0.788,0.547
27,"Robert Parish\parisro01",1980,1997,"TOT","NBA",131,1376,1134,39940,8342,15320,8342,15314,0,6,3624,4978,3921,8655,12576,1896,985,1927,2749,3625,20308,0.545,0.545,0,0.545,0.728,0.58
28,"Steve Nash\nashst01",1997,2014,"TOT","NBA",129.7,1217,1053,38069,6321,12892,4636,8953,1685,3939,3060,3384,643,2999,3642,10335,899,102,3478,1982,17387,0.49,0.518,0.428,0.556,0.904,0.605
29,"Patrick Ewing\ewingpa01",1986,2002,"TOT","NBA",126.4,1183,1122,40594,9702,19241,9683,19116,19,125,5392,7289,2752,8855,11607,2215,1136,2894,3537,4034,24815,0.504,0.507,0.152,0.505,0.74,0.553
30,"Vince Carter\cartevi01",1999,2020,"TOT","NBA",125.3,1541,983,46367,9293,21339,7003,15171,2290,6168,4852,6082,1658,4948,6606,4714,1530,888,2590,3995,25728,0.435,0.462,0.371,0.489,0.798,0.536
31,"Scottie Pippen\pippesc01",1988,2004,"TOT","NBA",125.1,1178,1053,41069,7420,15700,6442,12698,978,3002,3122,4437,2068,5426,7494,6135,2307,947,3257,3329,18940,0.473,0.507,0.326,0.504,0.704,0.536
32,"Shawn Marion\mariosh01",2000,2015,"TOT","NBA",124.9,1163,1062,40097,7289,15056,6498,12666,791,2390,2331,2877,2732,7369,10101,2198,1759,1233,1750,2535,17700,0.484,0.513,0.331,0.51,0.81,0.542
33,"Chauncey Billups\billuch01",1998,2014,"TOT","NBA",120.8,1043,937,33008,4738,11413,2908,6688,1830,4725,4496,5029,480,2512,2992,5636,1051,168,2138,2169,15802,0.415,0.435,0.387,0.495,0.894,0.58
34,"Dwyane Wade\wadedw01",2004,2019,"TOT","NBA",120.7,1054,909,35773,8454,17617,7905,15743,549,1874,5708,7463,1258,3675,4933,5701,1620,885,3326,2328,23165,0.48,0.502,0.293,0.495,0.765,0.554
35,"Buck Williams\willibu01",1982,1998,"TOT","NBA",120.1,1307,1140,42464,6404,11661,6399,11631,5,30,3971,5979,4526,8491,13017,1646,1080,1100,2784,4267,16784,0.549,0.55,0.167,0.549,0.664,0.587
36,"Horace Grant\grantho01",1988,2004,"TOT","NBA",118.2,1165,1037,38621,5439,10695,5435,10632,4,63,2114,3053,3467,5976,9443,2575,1143,1136,1303,2832,12996,0.509,0.511,0.063,0.509,0.692,0.54
37,"Dominique Wilkins\wilkido01",1983,1999,"TOT","NBA",117.5,1074,995,38113,9963,21589,9252,19358,711,2231,6031,7438,2950,4219,7169,2677,1378,642,2669,2061,26668,0.461,0.478,0.319,0.478,0.811,0.536
38,"Dikembe Mutombo\mutomdi01",1992,2009,"TOT","NBA",117,1196,997,36791,4169,8045,4169,8043,0,2,3391,4960,3808,8551,12359,1240,494,3289,2173,3383,11729,0.518,0.518,0,0.518,0.684,0.573
39,"Kevin McHale\mchalke01",1981,1993,"BOS","NBA",113,971,400,30118,6830,12334,6789,12177,41,157,3634,4554,2358,4764,7122,1670,344,1690,1893,2758,17335,0.554,0.558,0.261,0.555,0.798,0.605
40,"LaMarcus Aldridge\aldrila01",2007,2021,"TOT","NBA",112.3,1024,980,35062,8034,16366,7825,15707,209,659,3610,4451,2701,5753,8454,2021,741,1129,1592,2509,19887,0.491,0.498,0.317,0.497,0.811,0.543
41,"Tony Parker\parketo01",2002,2019,"TOT","NBA",111.3,1254,1151,38279,7777,15830,7258,14227,519,1603,3400,4525,441,2955,3396,7036,1053,98,2865,2059,19473,0.491,0.51,0.324,0.508,0.751,0.546
42,"Terry Porter\portete01",1986,2002,"TOT","NBA",110.4,1274,732,35354,5428,11734,4131,8374,1297,3360,3433,4107,715,3157,3872,7160,1583,181,2666,2203,15586,0.463,0.493,0.386,0.518,0.836,0.576
43,"Elton Brand\brandel01",2000,2016,"TOT","NBA",109.6,1058,868,34910,6599,13185,6597,13164,2,21,3627,4929,3304,5736,9040,2184,940,1828,2060,3115,16827,0.5,0.501,0.095,0.501,0.736,0.548
44,"Larry Nance\nancela01",1982,1994,"TOT","NBA",109.6,920,795,30697,6370,11664,6362,11609,8,55,2939,3892,2299,5053,7352,2393,872,2027,1711,2703,15687,0.546,0.548,0.145,0.546,0.755,0.586
45,"Detlef Schrempf\schrede01",1986,2001,"TOT","NBA",109.5,1136,524,33597,5400,10995,4925,9759,475,1236,4486,5585,1871,5152,7023,3833,856,312,2268,3360,15761,0.491,0.505,0.384,0.513,0.803,0.586
46,"Jeff Hornacek\hornaje01",1987,2000,"TOT","NBA",108.9,1077,910,33964,5929,11957,5101,9902,828,2055,2973,3390,919,2727,3646,5281,1536,226,1971,2364,15659,0.496,0.515,0.403,0.53,0.877,0.582
47,"Stephen Curry\curryst01",2010,2021,"GSW","NBA",108.3,738,732,25314,6057,12720,3380,6535,2677,6185,2758,3040,508,2858,3366,4864,1258,159,2299,1804,17549,0.476,0.517,0.433,0.581,0.907,0.624
48,"Adrian Dantley\dantlad01",1980,1991,"TOT","NBA",106.6,739,546,26627,6673,12214,6666,12173,7,41,5523,6747,1560,2346,3906,2295,672,99,2120,1940,18876,0.546,0.548,0.171,0.547,0.819,0.622
49,"Manu Ginóbili\ginobma01",2003,2018,"SAS","NBA",106.4,1057,349,26859,4584,10262,3089,6207,1495,4055,3380,4089,685,3012,3697,4001,1392,319,2116,2212,14043,0.447,0.498,0.369,0.52,0.827,0.582
50,"Otis Thorpe\thorpot01",1985,2001,"TOT","NBA",106.4,1257,989,39822,6872,12593,6869,12529,3,64,3853,5612,3446,6924,10370,2730,840,501,2774,4146,17600,0.546,0.548,0.047,0.546,0.687,0.584
51,"Chris Bosh\boshch01",2004,2016,"TOT","NBA",106,893,881,31936,6209,12581,5904,11671,305,910,4466,5591,1927,5665,7592,1795,730,932,1807,2159,17189,0.494,0.506,0.335,0.506,0.799,0.571
52,"Bill Laimbeer\laimbbi01",1981,1994,"TOT","NBA",105.6,1068,861,33956,5574,11198,5372,10579,202,619,2440,2916,2819,7581,10400,2184,710,965,1594,3633,13790,0.498,0.508,0.326,0.507,0.837,0.552
53,"Rasheed Wallace\wallara01",1996,2013,"TOT","NBA",105.1,1109,956,36243,6320,13529,5234,10301,1086,3228,2280,3162,1578,5826,7404,1994,1090,1460,1693,3259,16006,0.467,0.508,0.336,0.507,0.721,0.536
54,"Carmelo Anthony\anthoca01",2004,2021,"TOT","NBA",103.8,1166,1117,41171,9691,21663,8163,17308,1528,4355,6152,7568,1912,5538,7450,3325,1167,585,2977,3332,27062,0.447,0.472,0.351,0.483,0.813,0.541
55,"Tyson Chandler\chandty01",2002,2020,"TOT","NBA",102.1,1160,886,31617,3558,5964,3558,5953,0,11,2393,3714,3529,6938,10467,967,630,1335,1656,3268,9509,0.597,0.598,0,0.597,0.644,0.626
56,"Russell Westbrook\westbru01",2009,2021,"TOT","NBA",101.6,915,898,31668,7529,17227,6506,13867,1023,3360,5124,6468,1527,5055,6582,7677,1582,285,3765,2367,21205,0.437,0.469,0.304,0.467,0.792,0.528
57,"Eddie Jones\jonesed02",1995,2008,"TOT","NBA",100.6,954,902,32778,4932,11286,3386,7139,1546,4147,2745,3394,761,3096,3857,2812,1620,580,1507,2483,14155,0.437,0.474,0.373,0.505,0.809,0.554
58,"Grant Hill\hillgr01",1995,2013,"TOT","NBA",99.9,1026,972,34776,6345,13126,6126,12429,219,697,4228,5498,1176,4993,6169,4252,1248,576,2459,2377,17137,0.483,0.493,0.314,0.492,0.769,0.551
59,"A.C. Green\greenac01",1986,2001,"TOT","NBA",99.5,1278,832,36552,4544,9202,4420,8713,124,489,3119,4250,3354,6119,9473,1400,1033,546,1434,2436,12331,0.494,0.507,0.254,0.501,0.734,0.557
60,"Allen Iverson\iversal01",1997,2010,"TOT","NBA",99,914,901,37584,8467,19906,7408,16523,1059,3383,6375,8168,745,2649,3394,5624,1983,164,3262,1777,24368,0.425,0.448,0.313,0.452,0.78,0.518
61,"Maurice Cheeks\cheekma01",1980,1993,"TOT","NBA",98.6,1019,736,32436,4614,8802,4562,8598,52,204,2230,2798,650,2184,2834,6961,2136,282,2075,2060,11510,0.524,0.531,0.255,0.527,0.797,0.574
62,"Andre Iguodala\iguodan01",2005,2021,"TOT","NBA",98.3,1171,781,38341,4944,10652,3898,7513,1046,3139,2807,3962,1083,4784,5867,4960,1719,592,2178,2101,13741,0.464,0.519,0.333,0.513,0.708,0.554
63,"Jack Sikma\sikmaja01",1980,1991,"TOT","NBA",98.3,943,739,31747,5578,12006,5375,11388,203,618,3771,4402,2114,7011,9125,3093,1012,941,2147,3284,15130,0.465,0.472,0.328,0.473,0.857,0.543
64,"Kareem Abdul-Jabbar\abdulka01",1980,1989,"LAL","NBA",97.4,787,625,25675,6693,11707,6692,11689,1,18,2859,3846,1563,4417,5980,2220,584,1594,2037,2258,16246,0.572,0.573,0.056,0.572,0.743,0.606
65,"Kyle Lowry\lowryky01",2007,2021,"TOT","NBA",97.4,952,716,30203,4531,10695,2729,5793,1802,4902,3271,4030,769,3388,4157,5939,1277,277,2236,2611,14135,0.424,0.471,0.368,0.508,0.812,0.567
66,"Tracy McGrady\mcgratr01",1998,2012,"TOT","NBA",97.3,938,703,30658,6709,15413,5628,12215,1081,3198,3882,5202,1300,3976,5276,4161,1136,807,2029,1661,18381,0.435,0.461,0.338,0.47,0.746,0.519
67,"Vlade Divac\divacvl01",1990,2005,"TOT","NBA",96.4,1134,979,33838,5205,10510,5105,10084,100,426,2888,4176,2881,6445,9326,3541,1288,1631,2470,3609,13398,0.495,0.506,0.235,0.5,0.692,0.543
68,"Paul Millsap\millspa01",2007,2021,"TOT","NBA",94.3,1031,743,29789,5346,10893,4824,9383,522,1510,3045,4138,2279,5196,7475,2313,1300,1019,1790,3143,14259,0.491,0.514,0.346,0.515,0.736,0.561
69,"Ben Wallace\wallabe01",1997,2012,"TOT","NBA",93.5,1088,912,32085,2569,5421,2562,5370,7,51,1109,2679,3444,7038,10482,1437,1369,2137,1061,2078,6254,0.474,0.477,0.137,0.475,0.414,0.474
70,"Chris Mullin\mullich01",1986,2001,"TOT","NBA",93.1,986,822,32163,6740,13243,5925,11123,815,2120,3616,4178,1026,3008,4034,3450,1530,549,2315,2050,17911,0.509,0.533,0.384,0.54,0.865,0.594
71,"Al Horford\horfoal01",2008,2021,"TOT","NBA",92.9,881,871,28592,5159,9972,4639,8545,520,1427,1450,1920,1827,5414,7241,2912,713,1034,1373,1991,12288,0.517,0.543,0.364,0.543,0.755,0.568
72,"Kevin Johnson\johnske02",1988,2000,"TOT","NBA",92.8,735,623,25061,4512,9160,4352,8636,160,524,3943,4691,487,1917,2404,6711,1082,176,2258,1541,13127,0.493,0.504,0.305,0.501,0.841,0.585
73,"Amar'e Stoudemire\stoudam01",2003,2016,"TOT","NBA",92.5,846,696,26254,5911,11009,5881,10882,30,127,4142,5444,2029,4603,6632,1050,636,1054,1953,2685,15994,0.537,0.54,0.236,0.538,0.761,0.597
74,"Mark Jackson\jacksma01",1988,2004,"TOT","NBA",91.8,1296,1092,39121,4793,10731,4059,8518,734,2213,2169,2818,1281,3682,4963,10334,1608,117,3155,2230,12489,0.447,0.477,0.332,0.481,0.77,0.522
75,"DeAndre Jordan\jordade01",2009,2021,"TOT","NBA",91.6,919,747,25324,3487,5181,3486,5169,1,12,1658,3496,2891,6888,9779,892,522,1458,1277,2388,8633,0.673,0.674,0.083,0.673,0.474,0.642
76,"Terry Cummings\cummite01",1983,2000,"TOT","NBA",91.1,1183,815,33898,8045,16628,8001,16479,44,149,3326,4711,3183,5447,8630,2190,1255,650,2200,3836,19460,0.484,0.486,0.295,0.485,0.706,0.52
77,"Rashard Lewis\lewisra02",1999,2014,"TOT","NBA",90.9,1049,842,33541,5644,12479,3857,7854,1787,4625,2504,3111,1418,4015,5433,1765,1115,541,1577,2430,15579,0.452,0.491,0.386,0.524,0.805,0.563
78,"Hersey Hawkins\hawkihe01",1989,2001,"TOT","NBA",90.6,983,896,32034,4889,10612,3663,7504,1226,3108,3466,3985,825,2729,3554,2860,1622,302,1828,2043,14470,0.461,0.488,0.394,0.518,0.87,0.585
79,"Sidney Moncrief\moncrsi01",1980,1991,"TOT","NBA",90.3,767,513,23150,4117,8198,4007,7811,110,387,3587,4319,1424,2151,3575,2793,924,228,1551,1635,11931,0.502,0.513,0.284,0.509,0.831,0.591
80,"Dennis Rodman\rodmade01",1987,2000,"TOT","NBA",89.8,911,573,28839,2766,5310,2684,4955,82,355,1069,1832,4329,7625,11954,1600,611,531,1484,2843,6683,0.521,0.542,0.231,0.529,0.584,0.546
81,"Alonzo Mourning\mournal01",1993,2008,"TOT","NBA",89.7,838,686,25975,5116,9701,5094,9612,22,89,4057,5862,2184,4953,7137,946,414,2356,2209,2810,14311,0.527,0.53,0.247,0.529,0.692,0.583
82,"Charles Oakley\oaklech01",1986,2004,"TOT","NBA",89.7,1282,1159,40280,4835,10263,4767,9994,68,269,2679,3522,3924,8281,12205,3217,1351,384,2785,4421,12417,0.471,0.477,0.253,0.474,0.761,0.526
83,"Clifford Robinson\robincl02",1990,2007,"TOT","NBA",89.7,1380,844,42561,7389,16875,6136,13360,1253,3515,3560,5165,1852,4454,6306,3094,1402,1390,2502,4175,19591,0.438,0.459,0.356,0.475,0.689,0.512
84,"Shawn Kemp\kempsh01",1990,2003,"TOT","NBA",89.5,1051,728,29293,5505,11278,5472,11159,33,119,4304,5805,3026,5808,8834,1704,1185,1279,2766,3826,15347,0.488,0.49,0.277,0.49,0.741,0.555
85,"Damian Lillard\lillada01",2013,2021,"POR","NBA",88.7,658,658,23934,5298,12095,3341,6849,1957,5246,3622,4055,400,2359,2759,4340,641,204,1849,1298,16175,0.438,0.488,0.373,0.519,0.893,0.583
86,"Glen Rice\ricegl01",1990,2004,"TOT","NBA",88.7,1000,876,34985,6776,14867,5217,10971,1559,3896,3225,3813,946,3441,4387,2097,958,265,1733,2361,18336,0.456,0.476,0.4,0.508,0.846,0.554
87,"Alex English\englial01",1980,1991,"TOT","NBA",88.5,970,753,33167,9621,19024,9603,18941,18,83,3954,4708,2313,3007,5320,3926,939,682,2488,2557,23214,0.506,0.507,0.217,0.506,0.84,0.55
88,"Anthony Mason\masonan01",1990,2003,"TOT","NBA",88.3,882,559,30605,3583,7033,3581,7021,2,12,2488,3511,1912,5367,7279,2963,648,244,1549,2353,9656,0.509,0.51,0.167,0.51,0.709,0.563
89,"Antawn Jamison\jamisan01",1999,2014,"TOT","NBA",87.8,1083,864,37638,7679,17024,6516,13659,1163,3365,3521,4860,2557,5600,8157,1761,1048,421,1714,2580,20042,0.451,0.477,0.346,0.485,0.724,0.523
90,"Sam Cassell\cassesa01",1994,2008,"TOT","NBA",87.5,993,690,29812,5698,12558,5026,10529,672,2029,3567,4144,618,2603,3221,5939,1058,163,2418,2744,15635,0.454,0.477,0.331,0.48,0.861,0.544
91,"Dale Davis\davisda01",1992,2007,"TOT","NBA",86.9,1094,863,29606,3592,6779,3592,6771,0,8,1522,2708,3303,5302,8605,978,691,1270,1090,2878,8706,0.53,0.53,0,0.53,0.562,0.546
92,"Anthony Davis\davisan02",2013,2021,"TOT","NBA",86.2,551,546,18994,4908,9509,4638,8657,270,852,3109,3889,1397,4279,5676,1252,761,1305,1068,1304,13195,0.516,0.536,0.317,0.53,0.799,0.588
93,"Joe Dumars\dumarjo01",1986,1999,"DET","NBA",86.2,1018,944,35139,5994,13026,5004,10434,990,2592,3423,4059,671,1532,2203,4612,902,83,2084,1826,16401,0.46,0.48,0.382,0.498,0.843,0.554
94,"David West\westda01",2004,2018,"TOT","NBA",85.9,1034,742,29144,5703,11519,5646,11304,57,215,2571,3148,1784,4806,6590,2273,764,850,1660,2408,14034,0.495,0.499,0.265,0.498,0.817,0.544
95,"Michael Finley\finlemi01",1996,2010,"TOT","NBA",85.2,1103,875,37996,6696,15095,5242,11215,1454,3880,2460,3032,1121,3683,4804,3245,996,323,1629,1812,17306,0.444,0.467,0.375,0.492,0.811,0.527
96,"Tim Hardaway\hardati01",1990,2003,"TOT","NBA",85,867,770,30626,5640,13076,4098,8731,1542,4345,2551,3263,544,2311,2855,7095,1428,129,2481,2027,15373,0.431,0.469,0.355,0.49,0.782,0.53
97,"Dale Ellis\ellisda01",1984,2000,"TOT","NBA",84.7,1209,589,34778,7323,15275,5604,11009,1719,4266,2639,3365,1533,2668,4201,1746,974,183,1771,2480,19004,0.479,0.509,0.403,0.536,0.784,0.567
98,"Chris Webber\webbech01",1994,2008,"TOT","NBA",84.7,831,827,30847,7192,15024,6928,14141,264,883,2534,3906,2271,5853,8124,3526,1197,1200,2313,2700,17182,0.479,0.49,0.299,0.487,0.649,0.513
99,"Marc Gasol\gasolma01",2009,2021,"TOT","NBA",84.4,876,861,28459,4604,9583,4191,8420,413,1163,2808,3615,1398,5138,6536,2959,784,1242,1736,2522,12429,0.48,0.498,0.355,0.502,0.777,0.556
100,"Steve Smith\smithst01",1992,2005,"TOT","NBA",83.7,942,717,28855,4609,10485,3461,7277,1148,3208,3064,3625,1112,1948,3060,2922,726,275,1714,2278,13430,0.44,0.476,0.358,0.494,0.845,0.556
101,"Joe Johnson\johnsjo02",2002,2018,"TOT","NBA",82.8,1276,1091,44234,7822,17719,5844,12388,1978,5331,2783,3468,1067,3992,5059,5001,1071,260,2451,2252,20405,0.441,0.472,0.371,0.497,0.802,0.53
102,"Peja Stojaković\stojape01",1999,2011,"TOT","NBA",82.6,804,665,26966,4825,10719,3065,6327,1760,4392,2237,2500,747,3035,3782,1408,747,106,1090,1398,13647,0.45,0.484,0.401,0.532,0.895,0.577
103,"Kevin Love\loveke01",2009,2021,"TOT","NBA",82,717,634,22861,4287,9695,3060,6381,1227,3314,3215,3882,1974,5983,7957,1702,487,322,1414,1502,13016,0.442,0.48,0.37,0.505,0.828,0.571
104,"Kevin Willis\willike02",1985,2007,"TOT","NBA",81.8,1424,891,38362,7095,14572,7055,14382,40,190,3023,4238,4132,7769,11901,1328,958,750,2520,4172,17253,0.487,0.491,0.211,0.488,0.713,0.525
105,"Kawhi Leonard\leonaka01",2012,2021,"TOT","NBA",81.2,562,535,17560,3877,7861,3038,5674,839,2187,2187,2554,676,2914,3590,1585,1001,364,898,968,10780,0.493,0.535,0.384,0.547,0.856,0.6
106,"James Worthy\worthja01",1983,1994,"LAL","NBA",81.2,926,717,30001,6878,13204,6761,12718,117,486,2447,3184,1561,3147,4708,2791,1041,624,1859,1975,16320,0.521,0.532,0.241,0.525,0.769,0.559
107,"Zach Randolph\randoza01",2002,2018,"TOT","NBA",81.1,1116,882,34616,7436,15774,7237,15045,199,729,3507,4592,3279,6929,10208,2049,834,301,2290,2629,18578,0.471,0.481,0.273,0.478,0.764,0.522
108,"Isiah Thomas\thomais01",1982,1994,"DET","NBA",80.7,979,971,35516,7194,15904,6796,14531,398,1373,4036,5316,951,2527,3478,9061,1861,249,3682,2971,18822,0.452,0.468,0.29,0.465,0.759,0.516
109,"Carlos Boozer\boozeca01",2003,2015,"TOT","NBA",80.3,861,775,26901,5847,11221,5846,11207,1,14,2281,3158,2037,6155,8192,1928,765,346,1824,2612,13976,0.521,0.522,0.071,0.521,0.722,0.554
110,"Jimmy Butler\butleji01",2012,2021,"TOT","NBA",80.3,612,507,20228,3426,7523,2909,5949,517,1574,3178,3802,940,2265,3205,2382,986,289,963,881,10547,0.455,0.489,0.328,0.49,0.836,0.573
111,"Mitch Richmond\richmmi01",1989,2002,"TOT","NBA",79.3,976,902,34309,7305,16038,5979,12621,1326,3417,4561,5365,881,2920,3801,3398,1211,254,2579,2503,20497,0.455,0.474,0.388,0.497,0.85,0.557
112,"Tom Chambers\chambto01",1982,1998,"TOT","NBA",79,1107,743,33922,7378,15749,7151,15009,227,740,5066,6274,1942,4761,6703,2283,885,627,2549,3742,20049,0.468,0.476,0.307,0.476,0.807,0.542
113,"Dan Majerle\majerda01",1989,2002,"TOT","NBA",78.5,955,454,30206,3950,9171,2590,5373,1360,3798,1665,2246,1125,3140,4265,2755,1194,360,1116,1927,10925,0.431,0.482,0.358,0.505,0.741,0.538
114,"Mike Conley\conlemi01",2008,2021,"TOT","NBA",78,871,835,28127,4615,10500,3335,7115,1280,3385,2477,3022,402,2202,2604,4914,1246,172,1749,1720,12987,0.44,0.469,0.378,0.5,0.82,0.549
115,"Julius Erving\ervinju01",1980,1987,"PHI","NBA",77.7,602,442,20506,5226,10231,5180,10055,46,176,2765,3572,1498,2363,3861,2282,1081,983,1770,1621,13263,0.511,0.515,0.261,0.513,0.774,0.562
116,"Stephon Marbury\marbust01",1997,2009,"TOT","NBA",77.5,846,816,31891,5769,13324,4778,10276,991,3048,3768,4804,579,1937,2516,6471,1022,121,2547,2014,16297,0.433,0.465,0.325,0.47,0.784,0.528
117,"Deron Williams\willide01",2006,2017,"TOT","NBA",77.3,845,771,28865,4874,10964,3696,7668,1178,3296,2878,3502,353,2266,2619,6819,867,206,2402,2132,13804,0.445,0.482,0.357,0.498,0.822,0.552
118,"Brad Miller\millebr01",1999,2012,"TOT","NBA",76.5,868,598,24537,3446,7174,3245,6564,201,610,2631,3273,1708,4491,6199,2470,639,592,1367,2383,9724,0.48,0.494,0.33,0.494,0.804,0.564
119,"David Lee\leeda02",2006,2017,"TOT","NBA",76,829,505,24293,4587,8566,4586,8537,1,29,2057,2666,2150,5170,7320,1825,625,329,1454,2170,11232,0.535,0.537,0.034,0.536,0.772,0.577
120,"Blake Griffin\griffbl01",2011,2021,"TOT","NBA",75.8,645,642,22352,5139,10370,4690,9019,449,1351,3024,4353,1354,4261,5615,2828,571,324,1651,1827,13751,0.496,0.52,0.332,0.517,0.695,0.56
121,"Rolando Blackman\blackro01",1982,1994,"TOT","NBA",75.6,980,815,32087,6887,13969,6658,13302,229,667,3620,4309,1047,2231,3278,2981,715,274,1829,1634,17623,0.493,0.501,0.343,0.501,0.84,0.555
122,"Kiki Vandeweghe\vandeki01",1981,1993,"TOT","NBA",75.6,810,548,24521,6139,11699,5921,11107,218,592,3484,3997,893,1892,2785,1668,468,243,1310,1560,15980,0.525,0.533,0.368,0.534,0.872,0.594
123,"Andrei Kirilenko\kirilan01",2002,2015,"TOT","NBA",75.4,797,546,23916,3146,6637,2779,5452,367,1185,2772,3675,1400,2952,4352,2169,1097,1461,1518,1605,9431,0.474,0.51,0.31,0.502,0.754,0.571
124,"Luol Deng\denglu01",2005,2019,"TOT","NBA",74,902,828,30941,5130,11257,4472,9275,658,1982,2443,3175,1462,4006,5468,2042,880,444,1459,1499,13361,0.456,0.482,0.332,0.485,0.769,0.528
125,"Paul George\georgpa01",2011,2021,"TOT","NBA",73.8,688,640,23048,4688,10761,2983,6319,1705,4442,2744,3238,618,3770,4388,2382,1180,304,1797,1833,13825,0.436,0.472,0.384,0.515,0.847,0.567
126,"Kyle Korver\korveky01",2004,2020,"TOT","NBA",73.4,1232,423,31183,4103,9277,1653,3562,2450,5715,1297,1479,345,3298,3643,2114,804,403,1290,2522,11953,0.442,0.464,0.429,0.574,0.877,0.602
127,"Bill Cartwright\cartwbi01",1980,1995,"TOT","NBA",72.8,963,676,27491,4656,8868,4656,8866,0,2,3401,4412,1812,4294,6106,1390,460,668,1892,2833,12713,0.525,0.525,0,0.525,0.771,0.588
128,"DeMar DeRozan\derozde01",2010,2021,"TOT","NBA",72.3,856,844,29209,6158,13411,5799,12144,359,1267,4498,5410,634,3101,3735,3190,849,251,1749,1924,17173,0.459,0.478,0.283,0.473,0.831,0.544
129,"Ricky Pierce\piercri01",1983,1998,"TOT","NBA",72.2,969,269,23665,5391,10925,5095,10005,296,920,3389,3871,864,1432,2296,1826,768,147,1453,2213,14467,0.493,0.509,0.322,0.507,0.875,0.573
130,"Mookie Blaylock\blaylmo01",1990,2002,"TOT","NBA",71.8,889,800,31026,4705,11499,3422,7683,1283,3816,1269,1724,1017,2642,3659,5972,2075,300,2067,1687,11962,0.409,0.445,0.336,0.465,0.736,0.488
131,"Giannis Antetokounmpo\antetgi01",2014,2021,"MIL","NBA",71.6,570,505,18564,4305,8131,3948,6884,357,1247,2825,3938,964,4220,5184,2543,670,745,1612,1713,11792,0.529,0.574,0.286,0.551,0.717,0.598
132,"Danny Ainge\aingeda01",1982,1995,"TOT","NBA",71.5,1042,508,27755,4643,9905,3641,7254,1002,2651,1676,1980,695,2073,2768,4199,1133,132,1566,2549,11964,0.469,0.502,0.378,0.519,0.846,0.555
133,"Shareef Abdur-Rahim\abdursh01",1997,2008,"TOT","NBA",71.2,830,704,28882,5434,11515,5280,10996,154,519,4006,4943,1869,4370,6239,2109,820,638,2136,2324,15028,0.472,0.48,0.297,0.479,0.81,0.549
134,"Artis Gilmore\gilmoar01",1980,1988,"TOT","NBA",71.1,663,476,20476,3705,5909,3704,5896,1,13,2822,3926,1715,4262,5977,1041,334,1207,1671,2179,10233,0.627,0.628,0.077,0.627,0.719,0.67
135,"Mark Price\pricema01",1987,1998,"TOT","NBA",71.1,722,578,21560,3939,8345,2963,5917,976,2428,2135,2362,409,1439,1848,4863,860,76,1790,964,10989,0.472,0.501,0.402,0.53,0.904,0.586
136,"Rudy Gobert\goberru01",2014,2021,"UTA","NBA",70.5,519,427,15380,2294,3579,2294,3573,0,6,1621,2579,1697,4092,5789,702,348,1162,844,1348,6209,0.641,0.642,0,0.641,0.629,0.659
137,"Antonio McDyess\mcdyean01",1996,2011,"TOT","NBA",69.8,1015,645,28053,5046,10161,5039,10101,7,60,2128,3178,2478,5160,7638,1300,782,1102,1623,3077,12227,0.497,0.499,0.117,0.497,0.67,0.529
138,"Larry Johnson\johnsla02",1992,2001,"TOT","NBA",69.7,707,699,25685,4401,9086,4034,7982,367,1104,2281,2978,1794,3506,5300,2298,515,258,1435,1893,11450,0.484,0.505,0.332,0.505,0.766,0.551
139,"Brook Lopez\lopezbr01",2009,2021,"TOT","NBA",68.5,830,792,25216,5248,10650,4644,8871,604,1779,2639,3322,1719,3520,5239,1222,485,1474,1450,2211,13739,0.493,0.524,0.34,0.521,0.794,0.567
140,"Doc Rivers\riverdo01",1984,1996,"TOT","NBA",68.2,864,605,23567,3295,7416,2934,6315,361,1101,2426,3093,634,1991,2625,4889,1563,351,1651,2660,9377,0.444,0.465,0.328,0.469,0.784,0.534
141,"Mark Aguirre\aguirma01",1982,1994,"TOT","NBA",67.8,923,639,27730,7201,14865,6809,13607,392,1258,3664,4944,1704,2874,4578,2871,687,296,2306,2599,18458,0.484,0.5,0.312,0.498,0.741,0.542
142,"Zydrunas Ilgauskas\ilgauzy01",1998,2011,"TOT","NBA",66.3,843,724,22965,4207,8842,4176,8742,31,100,2531,3243,2444,3747,6191,955,421,1327,1509,2776,10976,0.476,0.478,0.31,0.478,0.78,0.534
143,"Jermaine O'Neal\onealje01",1997,2014,"TOT","NBA",66,1011,697,27364,5144,11025,5130,10930,14,95,3007,4208,1991,5270,7261,1369,470,1820,1872,2896,13309,0.467,0.469,0.147,0.467,0.715,0.517
144,"Terrell Brandon\brandte01",1992,2002,"TOT","NBA",65.9,724,480,21545,3908,8720,3514,7610,394,1110,1784,2043,425,1749,2174,4407,1142,226,1419,1325,9994,0.448,0.462,0.355,0.471,0.873,0.519
145,"Yao Ming\mingya01",2003,2011,"HOU","NBA",65.9,486,476,15818,3380,6445,3378,6435,2,10,2485,2984,1233,3261,4494,769,189,920,1311,1596,9247,0.524,0.525,0.2,0.525,0.833,0.596
146,"Kyrie Irving\irvinky01",2012,2021,"TOT","NBA",65.7,559,559,18931,4680,9974,3472,6885,1208,3089,2145,2444,443,1662,2105,3189,736,205,1469,1256,12713,0.469,0.504,0.391,0.53,0.878,0.575
147,"Dennis Johnson\johnsde01",1980,1990,"TOT","NBA",65.6,858,673,29361,4698,10543,4618,10079,80,464,3009,3669,1000,2279,3279,4866,1136,470,2093,2444,12485,0.446,0.458,0.172,0.449,0.82,0.513
148,"Brad Daugherty\daughbr01",1987,1994,"CLE","NBA",65.2,548,546,20029,3823,7189,3821,7175,2,14,2741,3670,1207,4020,5227,2028,422,397,1511,1466,10389,0.532,0.533,0.143,0.532,0.747,0.59
149,"Christian Laettner\laettch01",1993,2005,"TOT","NBA",64.9,868,692,25760,4036,8405,3944,8052,92,353,2957,3604,1621,4185,5806,2224,917,675,1932,2768,11121,0.48,0.49,0.261,0.486,0.82,0.557
150,"Derrick Coleman\colemde01",1991,2005,"TOT","NBA",64.3,781,672,25903,4616,10335,4290,9230,326,1105,3326,4326,2079,5153,7232,1985,606,1051,2036,2062,12884,0.447,0.465,0.295,0.462,0.769,0.526
151,"Reggie Theus\theusre01",1980,1991,"TOT","NBA",63.7,944,743,31850,6520,13854,6282,12909,238,945,4399,5297,1090,2031,3121,6024,1113,218,3190,2738,17677,0.471,0.487,0.252,0.479,0.83,0.546
152,"Baron Davis\davisba01",2000,2012,"TOT","NBA",63.1,835,692,28592,4888,11951,3556,7792,1332,4159,2339,3292,762,2421,3183,6025,1530,360,2308,2361,13447,0.409,0.456,0.32,0.465,0.711,0.502
153,"Bernard King\kingbe01",1980,1993,"TOT","NBA",63,713,547,23466,6322,12085,6299,11951,23,134,3310,4363,1188,2452,3640,2375,626,155,2157,2257,15977,0.523,0.527,0.172,0.524,0.759,0.57
154,"Richard Hamilton\hamilri01",2000,2013,"TOT","NBA",62.8,921,783,29559,5969,13288,5439,11758,530,1530,3240,3805,794,2058,2852,3125,714,131,1977,2329,15708,0.449,0.463,0.346,0.469,0.852,0.525
155,"Kenny Anderson\anderke01",1992,2005,"TOT","NBA",62.5,858,693,25868,4002,9512,3455,7932,547,1580,2238,2833,670,1971,2641,5196,1258,111,1769,1974,10789,0.421,0.436,0.346,0.449,0.79,0.501
156,"James Donaldson\donalja01",1981,1995,"TOT","NBA",62.3,957,659,26222,3105,5442,3105,5442,0,0,1993,2722,2060,5432,7492,765,336,1267,1454,2025,8203,0.571,0.571,NA,0.571,0.732,0.618
157,"Anfernee Hardaway\hardaan01",1994,2008,"TOT","NBA",61.9,704,557,23711,3995,8731,3492,7140,503,1591,2191,2831,975,2171,3146,3525,1125,312,1786,1562,10684,0.458,0.489,0.316,0.486,0.774,0.535
158,"Joakim Noah\noahjo01",2008,2020,"TOT","NBA",61.9,672,512,18646,2248,4574,2248,4558,0,16,1385,1979,2141,3917,6058,1907,534,874,1133,1874,5881,0.491,0.493,0,0.491,0.7,0.54
159,"Andre Drummond\drumman01",2013,2021,"TOT","NBA",61.4,624,573,19312,3841,7140,3826,7029,15,111,1411,3023,2959,5666,8625,842,875,967,1253,1976,9108,0.538,0.544,0.135,0.539,0.467,0.538
160,"Fat Lever\leverfa01",1983,1994,"TOT","NBA",61.2,752,599,23814,4244,9504,4082,8981,162,523,1783,2312,1442,3081,4523,4696,1666,209,1471,1803,10433,0.447,0.455,0.31,0.455,0.771,0.496
161,"Metta World Peace\artesro01",2000,2017,"TOT","NBA",61.1,991,840,31440,4666,11266,3512,7864,1154,3402,2572,3596,1159,3289,4448,2631,1721,522,1791,2586,13058,0.414,0.447,0.339,0.465,0.715,0.508
162,"Rajon Rondo\rondora01",2007,2021,"TOT","NBA",60,900,731,27505,3767,8235,3368,6983,399,1252,1082,1785,881,3305,4186,7310,1470,117,2478,1913,9015,0.457,0.482,0.319,0.482,0.606,0.5
163,"Gerald Wallace\wallage01",2002,2015,"TOT","NBA",59.7,832,611,24731,3516,7492,3109,6189,407,1303,2494,3517,1145,3693,4838,1725,1200,681,1486,1829,9933,0.469,0.502,0.312,0.496,0.709,0.549
164,"Antonio Davis\davisan01",1994,2006,"TOT","NBA",59.6,903,524,26084,3187,7120,3185,7097,2,23,2665,3668,2323,4432,6755,1017,430,889,1346,2551,9041,0.448,0.449,0.087,0.448,0.727,0.518
165,"Juwan Howard\howarju01",1995,2013,"TOT","NBA",59.4,1208,900,36654,6543,13950,6537,13900,6,50,3067,4014,2348,5080,7428,2663,818,312,2469,3493,16159,0.469,0.47,0.12,0.469,0.764,0.514
166,"Nikola Jokić\jokicni01",2016,2021,"DEN","NBA",59.1,426,385,12666,2968,5586,2551,4394,417,1192,1332,1601,1113,3045,4158,2483,495,293,1096,1209,7685,0.531,0.581,0.35,0.569,0.832,0.611
167,"Walter Davis\daviswa03",1980,1992,"TOT","NBA",57.5,873,373,23832,6568,13015,6411,12438,157,577,2401,2801,620,1576,2196,3266,1020,87,1965,1962,15694,0.505,0.515,0.272,0.511,0.857,0.551
168,"Calvin Natt\nattca01",1980,1990,"TOT","NBA",57.2,599,371,18818,4003,7580,3987,7507,16,73,2269,2954,1370,2700,4070,1306,525,191,1256,1386,10291,0.528,0.531,0.219,0.529,0.768,0.579
169,"Gordon Hayward\haywago01",2011,2021,"TOT","NBA",57,681,519,21140,3657,8071,2727,5554,930,2517,2365,2867,515,2534,3049,2383,677,274,1345,1194,10609,0.453,0.491,0.369,0.511,0.825,0.568
170,"Marques Johnson\johnsma01",1980,1990,"TOT","NBA",56.9,534,359,18150,4285,8370,4271,8278,14,92,1779,2419,1325,2059,3384,2078,680,333,1282,1359,10363,0.512,0.516,0.152,0.513,0.735,0.549
171,"Rik Smits\smitsri01",1989,2000,"IND","NBA",56.6,867,792,23100,5301,10461,5298,10435,3,26,2266,2932,1531,3746,5277,1215,372,1111,1579,3011,12871,0.507,0.508,0.115,0.507,0.773,0.548
172,"Latrell Sprewell\sprewla01",1993,2005,"TOT","NBA",56.3,913,868,35270,6076,14294,4972,11022,1104,3272,3456,4298,770,2954,3724,3664,1294,399,2450,1689,16712,0.425,0.451,0.337,0.464,0.804,0.516
173,"Tyrone Hill\hillty01",1991,2004,"TOT","NBA",56.2,801,610,22388,2834,5643,2834,5630,0,13,1864,2901,2396,4458,6854,647,614,379,1244,2893,7532,0.502,0.503,0,0.502,0.643,0.544
174,"Michael Redd\reddmi01",2001,2012,"TOT","NBA",55.9,629,429,20104,4207,9405,3162,6654,1045,2751,2513,2998,622,1789,2411,1338,579,66,963,1002,11972,0.447,0.475,0.38,0.503,0.838,0.558
175,"Nick Van Exel\vanexni01",1994,2006,"TOT","NBA",55.9,880,670,28969,4636,11458,3108,7180,1528,4278,1858,2341,375,2170,2545,5777,726,92,1850,1380,12658,0.405,0.433,0.357,0.471,0.794,0.507
176,"Kemba Walker\walkeke02",2012,2021,"TOT","NBA",55.8,688,643,23178,4707,11270,3166,6992,1541,4278,2685,3197,393,2235,2628,3701,880,270,1493,1036,13640,0.418,0.453,0.36,0.486,0.84,0.538
177,"Sean Elliott\elliose01",1990,2001,"TOT","NBA",55.7,742,712,24502,3852,8290,3263,6718,589,1572,2251,2816,819,2385,3204,1897,576,284,1328,1626,10544,0.465,0.486,0.375,0.5,0.799,0.553
178,"Goran Dragić\dragigo01",2009,2021,"TOT","NBA",55.3,845,519,23656,4306,9303,3270,6445,1036,2858,2114,2760,598,1995,2593,4085,828,157,1924,1961,11762,0.463,0.507,0.362,0.519,0.766,0.559
179,"Allan Houston\houstal01",1994,2005,"TOT","NBA",55.3,839,727,28311,5337,12017,4032,8770,1305,3247,2572,2979,353,2081,2434,1990,566,139,1760,2062,14551,0.444,0.46,0.402,0.498,0.863,0.546
180,"Danny Manning\mannida01",1989,2003,"TOT","NBA",55.1,883,398,24202,5026,9835,4985,9636,41,199,2274,3120,1523,3092,4615,2063,1000,752,1853,2895,12367,0.511,0.517,0.206,0.513,0.729,0.552
181,"Devin Harris\harride01",2005,2019,"TOT","NBA",54.9,985,448,23963,3486,8072,2654,5514,832,2558,2793,3507,290,1861,2151,3869,998,194,1682,2171,10597,0.432,0.481,0.325,0.483,0.796,0.551
182,"Mehmet Okur\okurme01",2003,2012,"TOT","NBA",54.7,634,460,18429,3028,6615,2432,5025,596,1590,1909,2396,1261,3175,4436,1089,329,453,991,1815,8561,0.458,0.484,0.375,0.503,0.797,0.558
183,"George Gervin\gervige01",1980,1986,"TOT","NBA",54.2,547,377,18086,5508,11052,5431,10793,77,259,3123,3674,792,1541,2333,1455,563,365,1545,1515,14216,0.498,0.503,0.297,0.502,0.85,0.561
184,"Jeff Malone\malonje01",1984,1996,"TOT","NBA",54.2,905,755,29660,7099,14674,7013,14353,86,321,2947,3383,572,1792,2364,2154,577,100,1538,1695,17231,0.484,0.489,0.268,0.487,0.871,0.533
185,"Steve Francis\francst01",2000,2008,"TOT","NBA",54.1,576,543,21632,3543,8267,2968,6583,575,1684,2785,3494,960,2255,3215,3473,846,223,2030,1813,10446,0.429,0.451,0.341,0.463,0.797,0.533
186,"Jim Paxson\paxsoji02",1980,1990,"TOT","NBA",53.7,784,368,21357,4545,9133,4447,8698,98,435,2011,2493,519,1074,1593,2300,951,93,1144,1442,11199,0.498,0.511,0.225,0.503,0.807,0.547
187,"Wally Szczerbiak\szczewa02",2000,2009,"TOT","NBA",53.3,651,393,20052,3486,7193,2896,5740,590,1453,1633,1899,671,1931,2602,1532,388,160,970,1380,9195,0.485,0.505,0.406,0.526,0.86,0.573
188,"Karl-Anthony Towns\townska01",2016,2021,"MIN","NBA",52.9,384,384,13181,3281,6185,2714,4755,567,1430,1604,1924,1192,3288,4480,1103,298,562,992,1271,8733,0.53,0.571,0.397,0.576,0.834,0.621
189,"Nikola Vučević\vucevni01",2012,2021,"TOT","NBA",52.7,643,582,19635,4630,9310,4235,8193,395,1117,1072,1424,1688,4948,6636,1702,557,584,1113,1590,10727,0.497,0.517,0.354,0.519,0.753,0.54
190,"Jerry Stackhouse\stackje01",1996,2013,"TOT","NBA",52.4,970,564,30222,5386,13182,4398,9980,988,3202,4649,5659,926,2141,3067,3240,869,437,2641,1810,16409,0.409,0.441,0.309,0.446,0.822,0.524
191,"Alvin Robertson\roberal01",1985,1996,"TOT","NBA",52.1,779,680,24669,4412,9245,4176,8445,236,800,1822,2451,1621,2445,4066,3929,2112,323,2116,2638,10882,0.477,0.494,0.295,0.49,0.743,0.527
192,"Jeff Teague\teaguje01",2010,2021,"TOT","NBA",51.6,805,598,21830,3503,7888,2805,5946,698,1942,2219,2629,269,1689,1958,4526,928,272,1778,1529,9923,0.444,0.472,0.359,0.488,0.844,0.549
193,"Gilbert Arenas\arenagi01",2002,2012,"TOT","NBA",51.3,552,455,19351,3722,8850,2643,5773,1079,3077,2879,3584,444,1724,2168,2909,884,134,1744,1683,11402,0.421,0.458,0.351,0.482,0.803,0.547
194,"Caron Butler\butleca01",2003,2016,"TOT","NBA",50.9,881,732,28333,4596,10592,3850,8448,746,2144,2492,2942,1103,3284,4387,2007,1163,216,1594,2129,12430,0.434,0.456,0.348,0.469,0.847,0.523
195,"Sleepy Floyd\floydsl01",1983,1995,"TOT","NBA",50.6,957,584,26383,4448,10015,3930,8416,518,1599,2846,3493,626,1868,2494,5175,1120,215,2251,1972,12260,0.444,0.467,0.324,0.47,0.815,0.531
196,"John Starks\starkjo01",1989,2002,"TOT","NBA",49.9,866,420,23514,3953,9590,2731,5999,1222,3591,1701,2211,417,1712,2129,3085,951,106,1533,2293,10829,0.412,0.455,0.34,0.476,0.769,0.513
197,"Dana Barros\barroda01",1990,2004,"TOT","NBA",49.6,850,264,19480,3281,7140,2191,4488,1090,2652,1249,1456,232,1377,1609,2837,740,46,1213,1074,8901,0.46,0.488,0.411,0.536,0.858,0.572
198,"Danny Granger\grangda01",2006,2015,"TOT","NBA",48.5,586,431,18487,3332,7672,2326,5028,1006,2644,2185,2577,674,2214,2888,1097,561,481,1098,1628,9855,0.434,0.463,0.38,0.5,0.848,0.56
199,"Jameer Nelson\nelsoja01",2005,2018,"TOT","NBA",48.3,878,639,24539,3790,8692,2637,5558,1153,3134,1207,1491,426,2169,2595,4508,772,68,1831,2195,9940,0.436,0.474,0.368,0.502,0.81,0.532
200,"Kenyon Martin\martike01",2001,2015,"TOT","NBA",48,757,667,23134,3875,8031,3809,7749,66,282,1509,2398,1312,3847,5159,1439,893,864,1318,2498,9325,0.483,0.492,0.234,0.487,0.629,0.513
201,"Theo Ratliff\ratlith01",1996,2011,"TOT","NBA",47.9,810,533,20500,2207,4451,2207,4449,0,2,1395,1965,1543,3053,4596,465,393,1968,1001,2288,5809,0.496,0.496,0,0.496,0.71,0.546
202,"Xavier McDaniel\mcdanxa01",1986,1998,"TOT","NBA",47.8,870,529,25201,5673,11685,5599,11402,74,283,2186,3046,2082,3231,5313,1775,791,416,1887,2557,13606,0.485,0.491,0.261,0.489,0.718,0.522
203,"Vin Baker\bakervi01",1994,2006,"TOT","NBA",47,791,604,25737,4692,9675,4653,9494,39,181,2416,3787,2263,3604,5867,1509,582,798,1756,2560,11839,0.485,0.49,0.215,0.487,0.638,0.522
204,"Rickey Green\greenri01",1981,1992,"TOT","NBA",47,843,513,21742,3384,7117,3345,6929,39,188,1544,1878,410,1253,1663,5009,1265,49,1460,1320,8351,0.475,0.483,0.207,0.478,0.822,0.526
205,"Michael Adams\adamsmi01",1986,1996,"TOT","NBA",46.9,653,510,20446,3257,7849,2308,4992,949,2857,2158,2543,416,1484,1900,4209,1081,67,1402,1193,9621,0.415,0.462,0.332,0.475,0.849,0.536
206,"Klay Thompson\thompkl01",2012,2019,"GSW","NBA",46.8,615,578,20340,4512,9824,2714,5533,1798,4291,1173,1384,273,1857,2130,1416,561,332,1053,1313,11995,0.459,0.491,0.419,0.551,0.848,0.575
207,"Mike Mitchell\mitchmi01",1980,1988,"TOT","NBA",46.5,679,443,22961,6009,12206,5990,12118,19,88,2124,2716,1412,2505,3917,950,479,371,1198,1797,14161,0.492,0.494,0.216,0.493,0.782,0.528
208,"Jrue Holiday\holidjr01",2010,2021,"TOT","NBA",46.4,747,671,24766,4682,10304,3695,7530,987,2774,1504,1933,658,2285,2943,4732,1122,381,2028,1698,11855,0.454,0.491,0.356,0.502,0.778,0.531
209,"Draymond Green\greendr01",2013,2021,"GSW","NBA",46.3,615,467,17369,1962,4526,1423,2820,539,1706,940,1320,680,3537,4217,3183,844,639,1296,1717,5403,0.433,0.505,0.316,0.493,0.712,0.529
210,"Bobby Jones\jonesbo01",1980,1986,"PHI","NBA",46,537,123,13014,2093,3855,2093,3839,0,16,1434,1791,751,1660,2411,1171,620,598,858,1400,5620,0.543,0.545,0,0.543,0.801,0.605
211,"Dan Roundfield\roundda01",1980,1987,"TOT","NBA",45.6,526,270,16836,3064,6341,3057,6280,7,61,2051,2743,1665,3393,5058,1224,435,661,1403,1663,8186,0.483,0.487,0.115,0.484,0.748,0.542
212,"Bradley Beal\bealbr01",2013,2021,"WAS","NBA",45.5,586,552,20286,4611,10130,3280,6596,1331,3534,2156,2634,496,1879,2375,2367,671,229,1378,1302,12709,0.455,0.497,0.377,0.521,0.819,0.563
213,"World B. Free\freewo01",1980,1988,"TOT","NBA",45.5,583,345,18515,4621,10229,4408,9597,213,632,3207,4187,628,927,1555,2303,619,116,1372,1504,12662,0.452,0.459,0.337,0.462,0.766,0.524
214,"Isaiah Thomas\thomais02",2012,2020,"TOT","NBA",45.3,525,361,15182,3091,7097,2080,4316,1011,2781,2315,2654,279,1009,1288,2599,464,56,1221,1109,9508,0.436,0.482,0.364,0.507,0.872,0.575
215,"B.J. Armstrong\armstbj01",1990,2000,"TOT","NBA",45,747,341,17790,2850,5981,2414,4955,436,1026,1184,1383,192,1129,1321,2479,533,47,889,1128,7320,0.477,0.487,0.425,0.513,0.856,0.555
216,"DeMarcus Cousins\couside01",2011,2021,"TOT","NBA",44.9,590,554,18584,4362,9505,3981,8358,381,1147,3142,4264,1595,4727,6322,1892,826,715,2039,2249,12247,0.459,0.476,0.332,0.479,0.737,0.538
217,"Mark Eaton\eatonma01",1983,1993,"UTA","NBA",44.8,875,815,25169,2072,4526,2072,4524,0,2,1072,1653,1857,5082,6939,840,368,3064,1293,2955,5216,0.458,0.458,0,0.458,0.649,0.496
218,"John Wall\walljo01",2011,2021,"TOT","NBA",44.6,604,592,21530,4169,9668,3569,7815,600,1853,2578,3308,345,2243,2588,5491,1006,419,2295,1327,11516,0.431,0.457,0.324,0.462,0.779,0.518
219,"Kelly Tripucka\tripuke01",1982,1991,"TOT","NBA",44.4,707,575,20959,4434,9380,4266,8915,168,465,3106,3660,937,1766,2703,2090,678,137,1697,1634,12142,0.473,0.479,0.361,0.482,0.849,0.552
220,"Gus Williams\willigu01",1980,1987,"TOT","NBA",44.2,511,385,17149,3895,8457,3787,8003,108,454,1642,2196,490,839,1329,3464,1034,176,1267,916,9540,0.461,0.473,0.238,0.467,0.748,0.506
221,"Jamal Mashburn\mashbja01",1994,2004,"TOT","NBA",43.7,611,584,22762,4277,10222,3510,7996,767,2226,2323,3032,697,2574,3271,2414,632,109,1585,1533,11644,0.418,0.439,0.345,0.456,0.766,0.504
222,"Khris Middleton\middlkh01",2013,2021,"TOT","NBA",43.5,561,486,17751,3404,7382,2401,4851,1003,2531,1518,1732,341,2332,2673,1971,692,104,1116,1455,9329,0.461,0.495,0.396,0.529,0.876,0.573
223,"Derrick Rose\rosede01",2009,2021,"TOT","NBA",40.5,622,507,20019,4507,9897,4014,8290,493,1607,2029,2452,504,1583,2087,3447,481,215,1625,807,11536,0.455,0.484,0.307,0.48,0.827,0.526
224,"Cedric Ceballos\cebalce01",1991,2001,"TOT","NBA",40.4,609,313,14712,3414,6824,3179,6064,235,760,1630,2165,1252,2006,3258,723,450,183,991,1074,8693,0.5,0.524,0.309,0.518,0.753,0.559
225,"Jamaal Wilkes\wilkeja01",1980,1986,"TOT","NBA",40.4,455,245,15060,3656,6983,3649,6931,7,52,1173,1546,799,1360,2159,1080,502,144,880,1193,8492,0.524,0.526,0.135,0.524,0.759,0.554
226,"Tom Gugliotta\guglito01",1993,2005,"TOT","NBA",40.2,763,608,23556,3871,8584,3663,7852,208,732,1945,2570,1595,3994,5589,2140,1079,492,1735,1884,9895,0.451,0.467,0.284,0.463,0.757,0.509
227,"Mo Williams\willima01",2004,2016,"TOT","NBA",40,818,525,23872,4051,9326,2957,6435,1094,2891,1563,1795,407,1857,2264,3990,721,121,1849,2005,10759,0.434,0.46,0.378,0.493,0.871,0.532
228,"Glenn Robinson\robingl01",1995,2005,"TOT","NBA",39.8,688,668,25346,5571,12129,4951,10306,620,1823,2472,3016,1027,3162,4189,1879,826,389,2147,1847,14234,0.459,0.48,0.34,0.485,0.82,0.529
229,"Reggie Lewis\lewisre01",1988,1993,"BOS","NBA",38.9,450,352,14676,3198,6550,3171,6415,27,135,1479,1794,577,1361,1938,1153,569,417,708,1268,7902,0.488,0.494,0.2,0.49,0.824,0.538
230,"Antoine Walker\walkean02",1997,2008,"TOT","NBA",38.1,893,707,31531,6085,14710,4699,10446,1386,4264,2091,3303,1894,4997,6891,3170,1085,469,2504,2516,15647,0.414,0.45,0.325,0.461,0.633,0.484
231,"Josh Howard\howarjo01",2004,2013,"TOT","NBA",38,507,403,15350,2759,6161,2417,5132,342,1029,1410,1830,846,2040,2886,817,530,276,723,1297,7270,0.448,0.471,0.332,0.476,0.77,0.522
232,"Maurice Lucas\lucasma01",1980,1988,"TOT","NBA",38,639,244,17343,3217,6743,3213,6707,4,36,1783,2346,1470,3814,5284,1370,429,345,1385,2096,8221,0.477,0.479,0.111,0.477,0.76,0.529
233,"Andrew Bynum\bynuman01",2006,2014,"TOT","NBA",37.4,418,319,10690,1917,3446,1916,3437,1,9,987,1431,1007,2214,3221,490,133,657,644,1028,4822,0.556,0.557,0.111,0.556,0.69,0.592
234,"Brandon Roy\roybr01",2007,2013,"TOT","NBA",37.4,326,300,11561,2224,4849,1902,3924,322,925,1366,1707,347,1041,1388,1517,335,76,595,630,6136,0.459,0.485,0.348,0.492,0.8,0.548
235,"Roy Hibbert\hibbero01",2009,2017,"TOT","NBA",35.9,662,586,16389,2622,5641,2616,5617,6,24,1361,1802,1527,2646,4173,885,241,1146,1038,2067,6611,0.465,0.466,0.25,0.465,0.755,0.514
236,"Joe Barry Carroll\carrojo01",1981,1991,"TOT","NBA",35.6,705,533,22838,5021,10583,5021,10570,0,13,2413,3232,1690,3714,5404,1264,687,1121,1964,2212,12455,0.474,0.475,0,0.474,0.747,0.519
237,"Otis Birdsong\birdsot01",1980,1989,"TOT","NBA",35.2,541,317,16910,4136,8151,4087,7972,49,179,1289,2030,674,869,1543,1805,659,114,1146,1349,9610,0.507,0.513,0.274,0.51,0.635,0.531
238,"Micheal Ray Richardson\richami01",1980,1986,"TOT","NBA",34.8,484,276,17371,3219,6996,3095,6432,124,564,1222,1742,903,1920,2823,3686,1363,188,1713,1671,7784,0.46,0.481,0.22,0.469,0.701,0.501
239,"Jeff Ruland\rulanje01",1982,1993,"TOT","NBA",34.3,332,189,11088,2105,3734,2102,3715,3,19,1550,2159,1082,2296,3378,1002,249,267,1212,1218,5763,0.564,0.566,0.158,0.564,0.718,0.615
240,"Norm Nixon\nixonno01",1980,1989,"TOT","NBA",33.5,605,416,21326,4100,8658,4000,8318,100,340,1254,1613,384,1137,1521,5096,848,47,1886,1474,9554,0.474,0.481,0.294,0.479,0.777,0.51
241,"Chris Gatling\gatlich01",1992,2002,"TOT","NBA",32.1,700,86,13760,2804,5469,2754,5268,50,201,1574,2386,1248,2493,3741,461,464,375,1069,1870,7232,0.513,0.523,0.249,0.517,0.66,0.555
242,"Eddie Johnson\johnsed02",1980,1987,"TOT","NBA",31.1,518,232,15687,3182,6768,3078,6449,104,319,1622,2071,354,845,1199,2841,540,74,1336,1233,8090,0.47,0.477,0.326,0.478,0.783,0.527
243,"Bob Lanier\laniebo01",1980,1984,"TOT","NBA",29.8,315,179,8855,1804,3329,1802,3316,2,13,952,1280,571,1437,2008,873,311,301,712,948,4562,0.542,0.543,0.154,0.542,0.744,0.586
244,"Joel Embiid\embiijo01",2017,2021,"PHI","NBA",29,240,240,7368,1965,4043,1689,3206,276,837,1727,2149,572,2180,2752,752,195,417,835,783,5933,0.486,0.527,0.33,0.52,0.804,0.595
245,"Ben Simmons\simmobe01",2018,2021,"PHI","NBA",28.3,255,255,8742,1693,3025,1688,2992,5,33,765,1272,498,1604,2102,2012,428,190,891,728,4156,0.56,0.564,0.152,0.56,0.601,0.58
246,"Jamaal Magloire\magloja01",2001,2012,"TOT","NBA",27.7,680,314,14621,1763,3675,1763,3668,0,7,1391,2176,1418,2990,4408,386,224,603,998,1792,4917,0.48,0.481,0,0.48,0.639,0.531
247,"Steve Johnson\johnsst03",1982,1991,"TOT","NBA",26.9,626,327,13618,2841,4965,2841,4961,0,4,1663,2622,1193,2257,3450,777,290,530,1477,2409,7345,0.572,0.573,0,0.572,0.634,0.6
248,"Truck Robinson\robintr01",1980,1985,"TOT","NBA",26.9,386,212,13139,2383,4764,2382,4763,1,1,1080,1663,1007,2484,3491,769,270,179,1058,1158,5847,0.5,0.5,1,0.5,0.649,0.532
249,"Andrew Toney\toneyan01",1981,1988,"PHI","NBA",26.9,468,246,12608,2859,5718,2721,5315,138,403,1602,2010,235,774,1009,1965,369,105,1394,1341,7458,0.5,0.512,0.342,0.512,0.797,0.565
250,"Julius Randle\randlju01",2015,2021,"TOT","NBA",25.6,420,340,12602,2645,5401,2387,4618,258,783,1521,2077,881,2982,3863,1308,289,188,1084,1329,7069,0.49,0.517,0.33,0.514,0.732,0.56
251,"John Drew\drewjo01",1980,1985,"TOT","NBA",25.5,361,104,9887,2436,5233,2426,5176,10,57,2099,2745,797,1087,1884,543,398,52,981,1252,6981,0.466,0.469,0.175,0.466,0.765,0.542
252,"Tiny Archibald\architi01",1980,1984,"TOT","NBA",25.3,340,268,10700,1444,3044,1425,2959,19,85,1223,1567,161,495,656,2399,304,35,926,738,4130,0.474,0.482,0.224,0.477,0.78,0.553
253,"Domantas Sabonis\sabondo01",2017,2021,"TOT","NBA",25.3,335,196,9028,1736,3327,1611,2933,125,394,818,1132,697,2121,2818,1025,225,149,699,1006,4415,0.522,0.549,0.317,0.541,0.723,0.577
254,"Bam Adebayo\adebaba01",2018,2021,"MIA","NBA",25.1,263,159,7044,1184,2128,1177,2085,7,43,751,1016,551,1539,2090,866,220,245,502,615,3126,0.556,0.565,0.163,0.558,0.739,0.607
255,"Victor Oladipo\oladivi01",2014,2021,"TOT","NBA",25,450,390,14857,2907,6633,2182,4549,725,2084,1368,1727,267,1813,2080,1782,736,215,1149,1077,7907,0.438,0.48,0.348,0.493,0.792,0.535
256,"Kevin Duckworth\duckwke01",1987,1997,"TOT","NBA",24.7,684,527,17462,3216,6870,3211,6846,5,24,1648,2239,1369,2576,3945,598,329,316,1237,2195,8085,0.468,0.469,0.208,0.468,0.736,0.515
257,"Chris Kaman\kamanch01",2004,2016,"TOT","NBA",24.6,735,538,19642,3432,7023,3431,6999,1,24,1343,1808,1487,4095,5582,921,322,931,1544,1968,8208,0.489,0.49,0.042,0.489,0.743,0.525
258,"Pascal Siakam\siakapa01",2017,2021,"TOR","NBA",23.9,312,218,8468,1638,3338,1353,2466,285,872,707,911,397,1406,1803,803,263,217,477,799,4268,0.491,0.549,0.327,0.533,0.776,0.571
259,"Jayson Tatum\tatumja01",2018,2021,"BOS","NBA",22.5,265,265,8579,1783,3915,1263,2603,520,1312,818,980,211,1399,1610,671,312,191,489,551,4904,0.455,0.485,0.396,0.522,0.835,0.564
260,"Lonnie Shelton\sheltlo01",1980,1986,"TOT","NBA",21.9,433,253,11949,2064,4267,2061,4236,3,31,721,956,809,1646,2455,1005,429,274,868,1561,4852,0.484,0.487,0.097,0.484,0.754,0.518
261,"Scott Wedman\wedmasc01",1980,1987,"TOT","NBA",21.6,509,105,12203,2551,5351,2467,5100,84,251,553,742,635,1269,1904,871,387,163,619,1292,5739,0.477,0.484,0.335,0.485,0.745,0.505
262,"Donovan Mitchell\mitchdo01",2018,2021,"UTA","NBA",20.6,268,260,9053,2238,5102,1543,3189,695,1913,1041,1258,206,906,1112,1145,338,84,745,689,6212,0.439,0.484,0.363,0.507,0.828,0.549
263,"Devin Booker\bookede01",2016,2021,"PHO","NBA",20.3,382,357,12807,3011,6639,2262,4521,749,2118,1907,2197,180,1226,1406,1794,303,96,1256,1161,8678,0.454,0.5,0.354,0.51,0.868,0.57
264,"Ralph Sampson\sampsra01",1984,1992,"TOT","NBA",20.1,456,363,13591,2924,6012,2914,5954,10,58,1181,1786,1174,2837,4011,1038,390,752,1363,1590,7039,0.486,0.489,0.172,0.487,0.661,0.518
265,"Jayson Williams\willija01",1991,1999,"TOT","NBA",20,475,158,9805,1360,3092,1357,3068,3,24,749,1236,1587,1997,3584,287,204,301,515,1284,3472,0.44,0.442,0.125,0.44,0.606,0.477
266,"Kristaps Porziņģis\porzikr01",2016,2021,"TOT","NBA",19.8,271,270,8434,1819,4143,1330,2780,489,1363,921,1143,460,1647,2107,391,188,537,461,853,5048,0.439,0.478,0.359,0.498,0.806,0.543
267,"Elvin Hayes\hayesel01",1980,1984,"TOT","NBA",19,406,129,12442,2446,5352,2441,5318,5,34,1167,1758,1057,2251,3308,600,258,573,894,1251,6064,0.457,0.459,0.147,0.457,0.664,0.495
268,"Luka Dončić\doncilu01",2019,2021,"DAL","NBA",18.7,172,172,5738,1481,3258,1028,1892,453,1366,986,1333,195,1263,1458,1320,178,64,673,372,4401,0.455,0.543,0.332,0.524,0.74,0.572
269,"Paul Westphal\westppa01",1980,1984,"TOT","NBA",18.5,275,73,7037,1461,3017,1406,2817,55,200,836,1000,93,342,435,1251,312,79,605,542,3813,0.484,0.499,0.275,0.493,0.836,0.551
270,"David Thompson\thompda01",1980,1984,"TOT","NBA",17.9,271,69,7609,1870,3802,1847,3719,23,83,1379,1742,334,589,923,707,183,173,698,658,5142,0.492,0.497,0.277,0.495,0.792,0.563
271,"Jaylen Brown\brownja02",2017,2021,"BOS","NBA",17.5,322,215,8802,1758,3727,1255,2386,503,1341,691,995,284,1200,1484,557,290,118,536,800,4710,0.472,0.526,0.375,0.539,0.694,0.565
272,"Zach LaVine\lavinza01",2015,2021,"TOT","NBA",16.8,397,310,12403,2688,5881,1889,3807,799,2074,1291,1563,190,1309,1499,1486,375,115,1062,888,7466,0.457,0.496,0.385,0.525,0.826,0.568
273,"Kermit Washington\washike01",1980,1988,"TOT","NBA",16.8,179,5,5251,791,1424,791,1420,0,4,438,691,610,1054,1664,345,171,237,337,634,2020,0.555,0.557,0,0.555,0.634,0.584
274,"Trae Young\youngtr01",2019,2021,"ATL","NBA",14.3,184,184,6104,1401,3269,936,1929,465,1340,1164,1362,127,602,729,1621,171,33,778,325,4431,0.429,0.485,0.347,0.5,0.855,0.573
275,"Brandon Ingram\ingrabr01",2017,2021,"TOT","NBA",13.7,297,258,9664,1887,4079,1503,3029,384,1050,1030,1376,236,1266,1502,1018,212,180,690,738,5188,0.463,0.496,0.366,0.51,0.749,0.554
276,"D'Angelo Russell\russeda01",2016,2021,"TOT","NBA",8.8,337,288,9787,2179,5184,1373,2938,806,2246,753,977,187,1041,1228,1767,386,89,973,631,5917,0.42,0.467,0.359,0.498,0.771,0.527
277,"Zion Williamson\willizi01",2020,2021,"NOP","NBA",8.4,67,67,2080,643,1050,629,1013,14,37,372,542,175,278,453,202,53,39,170,142,1672,0.612,0.621,0.378,0.619,0.686,0.649
278,"Dave Cowens\cowenda01",1980,1983,"TOT","NBA",8,106,89,3173,558,1238,557,1224,1,14,147,185,199,609,808,288,99,76,152,353,1264,0.451,0.455,0.071,0.451,0.795,0.479
